{"cameraMode":{"drawMode":0,"name":"Shaded","section":"Shading Mode"},"sceneLighting":true,"audioPlay":false,"sceneViewState":{"m_AlwaysRefresh":false,"showFog":true,"showSkybox":true,"showFlares":true,"showImageEffects":true,"showParticleSystems":true,"showVisualEffectGraphs":true,"m_FxEnabled":true},"in2DMode":false,"pivot":{"x":2.1832101345062258,"y":1.2848365306854249,"z":-5.264025688171387},"rotation":{"x":0.1979929506778717,"y":-0.22559098899364472,"z":0.04688156023621559,"w":0.9527384638786316},"size":2.194239854812622,"orthographic":true}