{"cameraMode":{"drawMode":0,"name":"Shaded","section":"Shading Mode"},"sceneLighting":true,"audioPlay":false,"sceneViewState":{"m_AlwaysRefresh":false,"showFog":true,"showSkybox":true,"showFlares":true,"showImageEffects":true,"showParticleSystems":true,"showVisualEffectGraphs":true,"m_FxEnabled":true},"in2DMode":false,"pivot":{"x":1.972752332687378,"y":1.0792711973190308,"z":-4.344947338104248},"rotation":{"x":0.7885242700576782,"y":-0.0009206001996062696,"z":0.0011846126290038229,"w":0.6150126457214356},"size":1.9276931285858155,"orthographic":true}