{"cameraMode":{"drawMode":0,"name":"Shaded","section":"Shading Mode"},"sceneLighting":true,"audioPlay":false,"sceneViewState":{"m_AlwaysRefresh":false,"showFog":true,"showSkybox":true,"showFlares":true,"showImageEffects":true,"showParticleSystems":true,"showVisualEffectGraphs":true,"m_FxEnabled":true},"in2DMode":false,"pivot":{"x":-0.6513098478317261,"y":1.4023683071136475,"z":-6.1976776123046879},"rotation":{"x":0.019498972222208978,"y":0.004499128088355064,"z":-0.00008775095921009779,"w":0.9997995495796204},"size":2.3036274909973146,"orthographic":true}